date,room_name,available,price
2026-09-27,1 - Oak Room,False,
2026-09-27,10 - Roman Suite,True,205.0
2026-09-27,11 - Simeon's Quarters,False,
2026-09-27,12 - Miss Tessa's Room,False,
2026-09-27,14 - William's Hideaway,False,
2026-09-27,15 - Gable Room,True,235.75
2026-09-27,16 - Kirtley's Retreat,False,
2026-09-27,2 - Tower Room,False,
2026-09-27,3 - Victorian Room,False,
2026-09-27,4 - Chesney Suite,False,
2026-09-27,5 - Turret Suite,True,225.0
2026-09-27,6 - Madeline's Suite,False,
2026-09-27,7 - Angelina's Garden- ADA,False,
2026-09-27,8 - Garden Cottage,False,
2026-09-27,9 - Lady Helen's Room,True,245.0
2026-09-28,1 - Oak Room,False,
2026-09-28,10 - Roman Suite,True,225.0
2026-09-28,11 - Simeon's Quarters,True,225.0
2026-09-28,12 - Miss Tessa's Room,True,205.0
2026-09-28,14 - William's Hideaway,False,
2026-09-28,15 - Gable Room,True,235.75
2026-09-28,16 - Kirtley's Retreat,False,
2026-09-28,2 - Tower Room,False,
2026-09-28,3 - Victorian Room,False,
2026-09-28,4 - Chesney Suite,False,
2026-09-28,5 - Turret Suite,True,245.0
2026-09-28,6 - Madeline's Suite,False,
2026-09-28,7 - Angelina's Garden- ADA,False,
2026-09-28,8 - Garden Cottage,True,225.0
2026-09-28,9 - Lady Helen's Room,True,245.0
2026-09-29,1 - Oak Room,False,
2026-09-29,10 - Roman Suite,True,225.0
2026-09-29,11 - Simeon's Quarters,True,225.0
2026-09-29,12 - Miss Tessa's Room,True,205.0
2026-09-29,14 - William's Hideaway,True,205.0
2026-09-29,15 - Gable Room,True,235.75
2026-09-29,16 - Kirtley's Retreat,True,205.0
2026-09-29,2 - Tower Room,False,
2026-09-29,3 - Victorian Room,False,
2026-09-29,4 - Chesney Suite,False,
2026-09-29,5 - Turret Suite,True,245.0
2026-09-29,6 - Madeline's Suite,True,245.0
2026-09-29,7 - Angelina's Garden- ADA,False,
2026-09-29,8 - Garden Cottage,True,225.0
2026-09-29,9 - Lady Helen's Room,True,245.0
2026-09-30,1 - Oak Room,False,
2026-09-30,10 - Roman Suite,True,225.0
2026-09-30,11 - Simeon's Quarters,True,225.0
2026-09-30,12 - Miss Tessa's Room,True,205.0
2026-09-30,14 - William's Hideaway,True,205.0
2026-09-30,15 - Gable Room,True,235.75
2026-09-30,16 - Kirtley's Retreat,True,205.0
2026-09-30,2 - Tower Room,False,
2026-09-30,3 - Victorian Room,False,
2026-09-30,4 - Chesney Suite,False,
2026-09-30,5 - Turret Suite,True,245.0
2026-09-30,6 - Madeline's Suite,True,245.0
2026-09-30,7 - Angelina's Garden- ADA,False,
2026-09-30,8 - Garden Cottage,False,
2026-09-30,9 - Lady Helen's Room,False,
2026-10-01,1 - Oak Room,False,
2026-10-01,10 - Roman Suite,False,
2026-10-01,11 - Simeon's Quarters,False,
2026-10-01,12 - Miss Tessa's Room,False,
2026-10-01,14 - William's Hideaway,False,
2026-10-01,15 - Gable Room,False,
2026-10-01,16 - Kirtley's Retreat,True,235.75
2026-10-01,2 - Tower Room,False,
2026-10-01,3 - Victorian Room,False,
2026-10-01,4 - Chesney Suite,True,255.0
2026-10-01,5 - Turret Suite,True,255.0
2026-10-01,6 - Madeline's Suite,True,205.0
2026-10-01,7 - Angelina's Garden- ADA,False,
2026-10-01,8 - Garden Cottage,False,
2026-10-01,9 - Lady Helen's Room,False,
2026-10-02,1 - Oak Room,False,
2026-10-02,10 - Roman Suite,False,
2026-10-02,11 - Simeon's Quarters,False,
2026-10-02,12 - Miss Tessa's Room,False,
2026-10-02,14 - William's Hideaway,False,
2026-10-02,15 - Gable Room,False,
2026-10-02,16 - Kirtley's Retreat,False,
2026-10-02,2 - Tower Room,True,523.25
2026-10-02,3 - Victorian Room,False,
2026-10-02,4 - Chesney Suite,True,546.25
2026-10-02,5 - Turret Suite,False,
2026-10-02,6 - Madeline's Suite,False,
2026-10-02,7 - Angelina's Garden- ADA,False,
2026-10-02,8 - Garden Cottage,True,546.25
2026-10-02,9 - Lady Helen's Room,False,
2026-10-03,1 - Oak Room,True,557.75
2026-10-03,10 - Roman Suite,False,
2026-10-03,11 - Simeon's Quarters,False,
2026-10-03,12 - Miss Tessa's Room,False,
2026-10-03,14 - William's Hideaway,False,
2026-10-03,15 - Gable Room,False,
2026-10-03,16 - Kirtley's Retreat,False,
2026-10-03,2 - Tower Room,True,552.0
2026-10-03,3 - Victorian Room,False,
2026-10-03,4 - Chesney Suite,True,575.0
2026-10-03,5 - Turret Suite,False,
2026-10-03,6 - Madeline's Suite,False,
2026-10-03,7 - Angelina's Garden- ADA,False,
2026-10-03,8 - Garden Cottage,True,575.0
2026-10-03,9 - Lady Helen's Room,False,
2026-10-04,1 - Oak Room,True,275.0
2026-10-04,10 - Roman Suite,True,275.0
2026-10-04,11 - Simeon's Quarters,True,275.0
2026-10-04,12 - Miss Tessa's Room,True,255.0
2026-10-04,14 - William's Hideaway,True,293.25
2026-10-04,15 - Gable Room,False,
2026-10-04,16 - Kirtley's Retreat,False,
2026-10-04,2 - Tower Room,True,255.0
2026-10-04,3 - Victorian Room,True,293.25
2026-10-04,4 - Chesney Suite,True,295.0
2026-10-04,5 - Turret Suite,True,295.0
2026-10-04,6 - Madeline's Suite,True,275.0
2026-10-04,7 - Angelina's Garden- ADA,True,295.0
2026-10-04,8 - Garden Cottage,True,275.0
2026-10-04,9 - Lady Helen's Room,True,295.0
2026-10-05,1 - Oak Room,True,235.0
2026-10-05,10 - Roman Suite,True,235.0
2026-10-05,11 - Simeon's Quarters,True,235.0
2026-10-05,12 - Miss Tessa's Room,True,215.0
2026-10-05,14 - William's Hideaway,True,215.0
2026-10-05,15 - Gable Room,True,247.25
2026-10-05,16 - Kirtley's Retreat,True,215.0
2026-10-05,2 - Tower Room,True,215.0
2026-10-05,3 - Victorian Room,True,247.25
2026-10-05,4 - Chesney Suite,True,255.0
2026-10-05,5 - Turret Suite,True,255.0
2026-10-05,6 - Madeline's Suite,True,235.0
2026-10-05,7 - Angelina's Garden- ADA,True,255.0
2026-10-05,8 - Garden Cottage,True,235.0
2026-10-05,9 - Lady Helen's Room,True,255.0
2026-10-06,1 - Oak Room,True,235.0
2026-10-06,10 - Roman Suite,True,235.0
2026-10-06,11 - Simeon's Quarters,True,235.0
2026-10-06,12 - Miss Tessa's Room,True,215.0
2026-10-06,14 - William's Hideaway,True,215.0
2026-10-06,15 - Gable Room,True,247.25
2026-10-06,16 - Kirtley's Retreat,True,215.0
2026-10-06,2 - Tower Room,True,215.0
2026-10-06,3 - Victorian Room,True,247.25
2026-10-06,4 - Chesney Suite,False,
2026-10-06,5 - Turret Suite,True,255.0
2026-10-06,6 - Madeline's Suite,True,235.0
2026-10-06,7 - Angelina's Garden- ADA,False,
2026-10-06,8 - Garden Cottage,False,
2026-10-06,9 - Lady Helen's Room,True,255.0
2026-10-07,1 - Oak Room,True,215.0
2026-10-07,10 - Roman Suite,True,235.0
2026-10-07,11 - Simeon's Quarters,False,
2026-10-07,12 - Miss Tessa's Room,True,215.0
2026-10-07,14 - William's Hideaway,True,215.0
2026-10-07,15 - Gable Room,True,247.25
2026-10-07,16 - Kirtley's Retreat,True,215.0
2026-10-07,2 - Tower Room,False,
2026-10-07,3 - Victorian Room,True,247.25
2026-10-07,4 - Chesney Suite,False,
2026-10-07,5 - Turret Suite,True,255.0
2026-10-07,6 - Madeline's Suite,True,235.0
2026-10-07,7 - Angelina's Garden- ADA,False,
2026-10-07,8 - Garden Cottage,False,
2026-10-07,9 - Lady Helen's Room,True,255.0
2026-10-08,1 - Oak Room,True,295.0
2026-10-08,10 - Roman Suite,False,
2026-10-08,11 - Simeon's Quarters,False,
2026-10-08,12 - Miss Tessa's Room,True,295.0
2026-10-08,14 - William's Hideaway,True,339.25
2026-10-08,15 - Gable Room,False,
2026-10-08,16 - Kirtley's Retreat,False,
2026-10-08,2 - Tower Room,False,
2026-10-08,3 - Victorian Room,True,335.0
2026-10-08,4 - Chesney Suite,False,
2026-10-08,5 - Turret Suite,True,315.0
2026-10-08,6 - Madeline's Suite,False,
2026-10-08,7 - Angelina's Garden- ADA,False,
2026-10-08,8 - Garden Cottage,False,
2026-10-08,9 - Lady Helen's Room,False,
2026-10-09,1 - Oak Room,False,
2026-10-09,10 - Roman Suite,False,
2026-10-09,11 - Simeon's Quarters,False,
2026-10-09,12 - Miss Tessa's Room,False,
2026-10-09,14 - William's Hideaway,True,546.25
2026-10-09,15 - Gable Room,False,
2026-10-09,16 - Kirtley's Retreat,False,
2026-10-09,2 - Tower Room,True,569.25
2026-10-09,3 - Victorian Room,False,
2026-10-09,4 - Chesney Suite,True,592.25
2026-10-09,5 - Turret Suite,False,
2026-10-09,6 - Madeline's Suite,False,
2026-10-09,7 - Angelina's Garden- ADA,False,
2026-10-09,8 - Garden Cottage,False,
2026-10-09,9 - Lady Helen's Room,False,
2026-10-10,1 - Oak Room,False,
2026-10-10,10 - Roman Suite,False,
2026-10-10,11 - Simeon's Quarters,False,
2026-10-10,12 - Miss Tessa's Room,False,
2026-10-10,14 - William's Hideaway,False,
2026-10-10,15 - Gable Room,False,
2026-10-10,16 - Kirtley's Retreat,True,546.25
2026-10-10,2 - Tower Room,True,569.25
2026-10-10,3 - Victorian Room,False,
2026-10-10,4 - Chesney Suite,True,592.25
2026-10-10,5 - Turret Suite,False,
2026-10-10,6 - Madeline's Suite,False,
2026-10-10,7 - Angelina's Garden- ADA,False,
2026-10-10,8 - Garden Cottage,False,
2026-10-10,9 - Lady Helen's Room,False,
2026-10-11,1 - Oak Room,True,373.75
2026-10-11,10 - Roman Suite,True,408.25
2026-10-11,11 - Simeon's Quarters,True,396.75
2026-10-11,12 - Miss Tessa's Room,True,396.75
2026-10-11,14 - William's Hideaway,False,
2026-10-11,15 - Gable Room,True,373.75
2026-10-11,16 - Kirtley's Retreat,True,373.75
2026-10-11,2 - Tower Room,True,396.75
2026-10-11,3 - Victorian Room,False,
2026-10-11,4 - Chesney Suite,True,419.75
2026-10-11,5 - Turret Suite,True,419.75
2026-10-11,6 - Madeline's Suite,True,419.75
2026-10-11,7 - Angelina's Garden- ADA,False,
2026-10-11,8 - Garden Cottage,True,419.75
2026-10-11,9 - Lady Helen's Room,True,396.75
2026-10-12,1 - Oak Room,True,255.0
2026-10-12,10 - Roman Suite,True,255.0
2026-10-12,11 - Simeon's Quarters,True,255.0
2026-10-12,12 - Miss Tessa's Room,True,235.0
2026-10-12,14 - William's Hideaway,False,
2026-10-12,15 - Gable Room,True,270.25
2026-10-12,16 - Kirtley's Retreat,True,235.0
2026-10-12,2 - Tower Room,True,275.0
2026-10-12,3 - Victorian Room,False,
2026-10-12,4 - Chesney Suite,True,275.0
2026-10-12,5 - Turret Suite,True,275.0
2026-10-12,6 - Madeline's Suite,False,
2026-10-12,7 - Angelina's Garden- ADA,False,
2026-10-12,8 - Garden Cottage,True,255.0
2026-10-12,9 - Lady Helen's Room,True,275.0
2026-10-13,1 - Oak Room,True,255.0
2026-10-13,10 - Roman Suite,True,255.0
2026-10-13,11 - Simeon's Quarters,True,255.0
2026-10-13,12 - Miss Tessa's Room,True,235.0
2026-10-13,14 - William's Hideaway,False,
2026-10-13,15 - Gable Room,True,270.25
2026-10-13,16 - Kirtley's Retreat,True,235.0
2026-10-13,2 - Tower Room,True,275.0
2026-10-13,3 - Victorian Room,False,
2026-10-13,4 - Chesney Suite,True,275.0
2026-10-13,5 - Turret Suite,True,255.0
2026-10-13,6 - Madeline's Suite,False,
2026-10-13,7 - Angelina's Garden- ADA,True,275.0
2026-10-13,8 - Garden Cottage,True,255.0
2026-10-13,9 - Lady Helen's Room,True,275.0
2026-10-14,1 - Oak Room,False,
2026-10-14,10 - Roman Suite,True,235.0
2026-10-14,11 - Simeon's Quarters,False,
2026-10-14,12 - Miss Tessa's Room,False,
2026-10-14,14 - William's Hideaway,True,235.0
2026-10-14,15 - Gable Room,True,270.25
2026-10-14,16 - Kirtley's Retreat,False,
2026-10-14,2 - Tower Room,True,275.0
2026-10-14,3 - Victorian Room,False,
2026-10-14,4 - Chesney Suite,True,275.0
2026-10-14,5 - Turret Suite,True,255.0
2026-10-14,6 - Madeline's Suite,False,
2026-10-14,7 - Angelina's Garden- ADA,True,275.0
2026-10-14,8 - Garden Cottage,True,255.0
2026-10-14,9 - Lady Helen's Room,True,275.0
2026-10-15,1 - Oak Room,False,
2026-10-15,10 - Roman Suite,False,
2026-10-15,11 - Simeon's Quarters,False,
2026-10-15,12 - Miss Tessa's Room,False,
2026-10-15,14 - William's Hideaway,True,265.0
2026-10-15,15 - Gable Room,True,304.75
2026-10-15,16 - Kirtley's Retreat,False,
2026-10-15,2 - Tower Room,False,
2026-10-15,3 - Victorian Room,True,304.75
2026-10-15,4 - Chesney Suite,True,315.0
2026-10-15,5 - Turret Suite,True,285.0
2026-10-15,6 - Madeline's Suite,False,
2026-10-15,7 - Angelina's Garden- ADA,True,315.0
2026-10-15,8 - Garden Cottage,True,265.0
2026-10-15,9 - Lady Helen's Room,False,
2026-10-16,1 - Oak Room,False,
2026-10-16,10 - Roman Suite,False,
2026-10-16,11 - Simeon's Quarters,False,
2026-10-16,12 - Miss Tessa's Room,True,534.75
2026-10-16,14 - William's Hideaway,True,511.75
2026-10-16,15 - Gable Room,True,511.75
2026-10-16,16 - Kirtley's Retreat,False,
2026-10-16,2 - Tower Room,False,
2026-10-16,3 - Victorian Room,False,
2026-10-16,4 - Chesney Suite,True,557.75
2026-10-16,5 - Turret Suite,True,557.75
2026-10-16,6 - Madeline's Suite,False,
2026-10-16,7 - Angelina's Garden- ADA,True,534.75
2026-10-16,8 - Garden Cottage,False,
2026-10-16,9 - Lady Helen's Room,False,
2026-10-17,1 - Oak Room,False,
2026-10-17,10 - Roman Suite,False,
2026-10-17,11 - Simeon's Quarters,False,
2026-10-17,12 - Miss Tessa's Room,True,534.75
2026-10-17,14 - William's Hideaway,False,
2026-10-17,15 - Gable Room,True,511.75
2026-10-17,16 - Kirtley's Retreat,True,511.75
2026-10-17,2 - Tower Room,False,
2026-10-17,3 - Victorian Room,False,
2026-10-17,4 - Chesney Suite,False,
2026-10-17,5 - Turret Suite,True,557.75
2026-10-17,6 - Madeline's Suite,True,644.0
2026-10-17,7 - Angelina's Garden- ADA,True,534.75
2026-10-17,8 - Garden Cottage,False,
2026-10-17,9 - Lady Helen's Room,False,
2026-10-18,1 - Oak Room,True,270.25
2026-10-18,10 - Roman Suite,True,255.0
2026-10-18,11 - Simeon's Quarters,True,255.0
2026-10-18,12 - Miss Tessa's Room,True,235.0
2026-10-18,14 - William's Hideaway,False,
2026-10-18,15 - Gable Room,True,270.25
2026-10-18,16 - Kirtley's Retreat,True,235.0
2026-10-18,2 - Tower Room,False,
2026-10-18,3 - Victorian Room,False,
2026-10-18,4 - Chesney Suite,True,275.0
2026-10-18,5 - Turret Suite,True,275.0
2026-10-18,6 - Madeline's Suite,True,255.0
2026-10-18,7 - Angelina's Garden- ADA,True,275.0
2026-10-18,8 - Garden Cottage,True,255.0
2026-10-18,9 - Lady Helen's Room,True,275.0
2026-10-19,1 - Oak Room,True,255.0
2026-10-19,10 - Roman Suite,True,255.0
2026-10-19,11 - Simeon's Quarters,True,255.0
2026-10-19,12 - Miss Tessa's Room,True,235.0
2026-10-19,14 - William's Hideaway,False,
2026-10-19,15 - Gable Room,True,270.25
2026-10-19,16 - Kirtley's Retreat,True,235.0
2026-10-19,2 - Tower Room,True,275.0
2026-10-19,3 - Victorian Room,False,
2026-10-19,4 - Chesney Suite,True,275.0
2026-10-19,5 - Turret Suite,True,275.0
2026-10-19,6 - Madeline's Suite,True,255.0
2026-10-19,7 - Angelina's Garden- ADA,True,275.0
2026-10-19,8 - Garden Cottage,True,255.0
2026-10-19,9 - Lady Helen's Room,True,275.0
2026-10-20,1 - Oak Room,False,
2026-10-20,10 - Roman Suite,True,255.0
2026-10-20,11 - Simeon's Quarters,True,255.0
2026-10-20,12 - Miss Tessa's Room,True,235.0
2026-10-20,14 - William's Hideaway,False,
2026-10-20,15 - Gable Room,True,270.25
2026-10-20,16 - Kirtley's Retreat,True,235.0
2026-10-20,2 - Tower Room,True,275.0
2026-10-20,3 - Victorian Room,False,
2026-10-20,4 - Chesney Suite,True,275.0
2026-10-20,5 - Turret Suite,True,275.0
2026-10-20,6 - Madeline's Suite,True,255.0
2026-10-20,7 - Angelina's Garden- ADA,True,275.0
2026-10-20,8 - Garden Cottage,True,255.0
2026-10-20,9 - Lady Helen's Room,True,275.0
2026-10-21,1 - Oak Room,False,
2026-10-21,10 - Roman Suite,True,255.0
2026-10-21,11 - Simeon's Quarters,True,255.0
2026-10-21,12 - Miss Tessa's Room,True,235.0
2026-10-21,14 - William's Hideaway,False,
2026-10-21,15 - Gable Room,False,
2026-10-21,16 - Kirtley's Retreat,True,270.25
2026-10-21,2 - Tower Room,True,235.0
2026-10-21,3 - Victorian Room,True,270.25
2026-10-21,4 - Chesney Suite,True,275.0
2026-10-21,5 - Turret Suite,True,275.0
2026-10-21,6 - Madeline's Suite,True,255.0
2026-10-21,7 - Angelina's Garden- ADA,True,275.0
2026-10-21,8 - Garden Cottage,True,255.0
2026-10-21,9 - Lady Helen's Room,True,275.0
2026-10-22,1 - Oak Room,False,
2026-10-22,10 - Roman Suite,True,265.0
2026-10-22,11 - Simeon's Quarters,False,
2026-10-22,12 - Miss Tessa's Room,False,
2026-10-22,14 - William's Hideaway,False,
2026-10-22,15 - Gable Room,False,
2026-10-22,16 - Kirtley's Retreat,True,304.75
2026-10-22,2 - Tower Room,True,265.0
2026-10-22,3 - Victorian Room,True,304.75
2026-10-22,4 - Chesney Suite,True,315.0
2026-10-22,5 - Turret Suite,True,285.0
2026-10-22,6 - Madeline's Suite,False,
2026-10-22,7 - Angelina's Garden- ADA,True,315.0
2026-10-22,8 - Garden Cottage,True,285.0
2026-10-22,9 - Lady Helen's Room,True,315.0
2026-10-23,1 - Oak Room,False,
2026-10-23,10 - Roman Suite,True,557.75
2026-10-23,11 - Simeon's Quarters,False,
2026-10-23,12 - Miss Tessa's Room,False,
2026-10-23,14 - William's Hideaway,True,511.75
2026-10-23,15 - Gable Room,True,511.75
2026-10-23,16 - Kirtley's Retreat,True,511.75
2026-10-23,2 - Tower Room,True,534.75
2026-10-23,3 - Victorian Room,True,511.75
2026-10-23,4 - Chesney Suite,False,
2026-10-23,5 - Turret Suite,True,557.75
2026-10-23,6 - Madeline's Suite,False,
2026-10-23,7 - Angelina's Garden- ADA,True,534.75
2026-10-23,8 - Garden Cottage,True,557.75
2026-10-23,9 - Lady Helen's Room,True,534.75
2026-10-24,1 - Oak Room,False,
2026-10-24,10 - Roman Suite,True,557.75
2026-10-24,11 - Simeon's Quarters,False,
2026-10-24,12 - Miss Tessa's Room,False,
2026-10-24,14 - William's Hideaway,True,511.75
2026-10-24,15 - Gable Room,True,511.75
2026-10-24,16 - Kirtley's Retreat,True,511.75
2026-10-24,2 - Tower Room,True,534.75
2026-10-24,3 - Victorian Room,True,511.75
2026-10-24,4 - Chesney Suite,False,
2026-10-24,5 - Turret Suite,True,557.75
2026-10-24,6 - Madeline's Suite,False,
2026-10-24,7 - Angelina's Garden- ADA,True,534.75
2026-10-24,8 - Garden Cottage,True,557.75
2026-10-24,9 - Lady Helen's Room,True,534.75
2026-10-25,1 - Oak Room,True,255.0
2026-10-25,10 - Roman Suite,True,255.0
2026-10-25,11 - Simeon's Quarters,True,255.0
2026-10-25,12 - Miss Tessa's Room,True,235.0
2026-10-25,14 - William's Hideaway,True,235.0
2026-10-25,15 - Gable Room,True,270.25
2026-10-25,16 - Kirtley's Retreat,True,235.0
2026-10-25,2 - Tower Room,True,235.0
2026-10-25,3 - Victorian Room,True,270.25
2026-10-25,4 - Chesney Suite,True,275.0
2026-10-25,5 - Turret Suite,True,275.0
2026-10-25,6 - Madeline's Suite,True,255.0
2026-10-25,7 - Angelina's Garden- ADA,True,275.0
2026-10-25,8 - Garden Cottage,True,255.0
2026-10-25,9 - Lady Helen's Room,True,275.0
2026-10-26,1 - Oak Room,True,255.0
2026-10-26,10 - Roman Suite,True,255.0
2026-10-26,11 - Simeon's Quarters,True,255.0
2026-10-26,12 - Miss Tessa's Room,True,235.0
2026-10-26,14 - William's Hideaway,True,235.0
2026-10-26,15 - Gable Room,True,270.25
2026-10-26,16 - Kirtley's Retreat,True,235.0
2026-10-26,2 - Tower Room,True,235.0
2026-10-26,3 - Victorian Room,True,270.25
2026-10-26,4 - Chesney Suite,True,275.0
2026-10-26,5 - Turret Suite,True,275.0
2026-10-26,6 - Madeline's Suite,True,255.0
2026-10-26,7 - Angelina's Garden- ADA,True,275.0
2026-10-26,8 - Garden Cottage,True,255.0
2026-10-26,9 - Lady Helen's Room,True,275.0
2026-10-27,1 - Oak Room,True,255.0
2026-10-27,10 - Roman Suite,True,255.0
2026-10-27,11 - Simeon's Quarters,True,255.0
2026-10-27,12 - Miss Tessa's Room,True,235.0
2026-10-27,14 - William's Hideaway,True,235.0
2026-10-27,15 - Gable Room,True,270.25
2026-10-27,16 - Kirtley's Retreat,True,235.0
2026-10-27,2 - Tower Room,True,235.0
2026-10-27,3 - Victorian Room,True,270.25
2026-10-27,4 - Chesney Suite,True,275.0
2026-10-27,5 - Turret Suite,True,275.0
2026-10-27,6 - Madeline's Suite,True,255.0
2026-10-27,7 - Angelina's Garden- ADA,True,275.0
2026-10-27,8 - Garden Cottage,True,255.0
2026-10-27,9 - Lady Helen's Room,True,275.0
2026-10-28,1 - Oak Room,True,255.0
2026-10-28,10 - Roman Suite,False,
2026-10-28,11 - Simeon's Quarters,True,255.0
2026-10-28,12 - Miss Tessa's Room,True,235.0
2026-10-28,14 - William's Hideaway,True,235.0
2026-10-28,15 - Gable Room,True,270.25
2026-10-28,16 - Kirtley's Retreat,True,235.0
2026-10-28,2 - Tower Room,True,235.0
2026-10-28,3 - Victorian Room,True,270.25
2026-10-28,4 - Chesney Suite,True,275.0
2026-10-28,5 - Turret Suite,True,275.0
2026-10-28,6 - Madeline's Suite,True,255.0
2026-10-28,7 - Angelina's Garden- ADA,True,275.0
2026-10-28,8 - Garden Cottage,True,255.0
2026-10-28,9 - Lady Helen's Room,True,255.0
2026-10-29,1 - Oak Room,True,255.0
2026-10-29,10 - Roman Suite,True,255.0
2026-10-29,11 - Simeon's Quarters,True,255.0
2026-10-29,12 - Miss Tessa's Room,True,235.0
2026-10-29,14 - William's Hideaway,True,235.0
2026-10-29,15 - Gable Room,True,270.25
2026-10-29,16 - Kirtley's Retreat,True,235.0
2026-10-29,2 - Tower Room,True,235.0
2026-10-29,3 - Victorian Room,True,270.25
2026-10-29,4 - Chesney Suite,True,275.0
2026-10-29,5 - Turret Suite,True,275.0
2026-10-29,6 - Madeline's Suite,True,255.0
2026-10-29,7 - Angelina's Garden- ADA,True,275.0
2026-10-29,8 - Garden Cottage,True,255.0
2026-10-29,9 - Lady Helen's Room,True,275.0
2026-10-30,1 - Oak Room,True,477.25
2026-10-30,10 - Roman Suite,True,523.25
2026-10-30,11 - Simeon's Quarters,True,500.25
2026-10-30,12 - Miss Tessa's Room,True,500.25
2026-10-30,14 - William's Hideaway,True,477.25
2026-10-30,15 - Gable Room,True,477.25
2026-10-30,16 - Kirtley's Retreat,True,477.25
2026-10-30,2 - Tower Room,False,
2026-10-30,3 - Victorian Room,True,477.25
2026-10-30,4 - Chesney Suite,True,523.25
2026-10-30,5 - Turret Suite,True,523.25
2026-10-30,6 - Madeline's Suite,True,523.25
2026-10-30,7 - Angelina's Garden- ADA,True,500.25
2026-10-30,8 - Garden Cottage,True,523.25
2026-10-30,9 - Lady Helen's Room,True,500.25
2026-10-31,1 - Oak Room,True,477.25
2026-10-31,10 - Roman Suite,True,523.25
2026-10-31,11 - Simeon's Quarters,True,500.25
2026-10-31,12 - Miss Tessa's Room,True,500.25
2026-10-31,14 - William's Hideaway,True,477.25
2026-10-31,15 - Gable Room,True,477.25
2026-10-31,16 - Kirtley's Retreat,True,477.25
2026-10-31,2 - Tower Room,False,
2026-10-31,3 - Victorian Room,True,477.25
2026-10-31,4 - Chesney Suite,True,523.25
2026-10-31,5 - Turret Suite,True,523.25
2026-10-31,6 - Madeline's Suite,True,523.25
2026-10-31,7 - Angelina's Garden- ADA,True,500.25
2026-10-31,8 - Garden Cottage,True,523.25
2026-10-31,9 - Lady Helen's Room,True,500.25
2026-11-01,1 - Oak Room,True,155.0
2026-11-01,10 - Roman Suite,False,
2026-11-01,11 - Simeon's Quarters,True,155.0
2026-11-01,12 - Miss Tessa's Room,True,135.0
2026-11-01,14 - William's Hideaway,True,135.0
2026-11-01,15 - Gable Room,True,155.25
2026-11-01,16 - Kirtley's Retreat,True,135.0
2026-11-01,2 - Tower Room,True,135.0
2026-11-01,3 - Victorian Room,True,155.25
2026-11-01,4 - Chesney Suite,True,175.0
2026-11-01,5 - Turret Suite,True,175.0
2026-11-01,6 - Madeline's Suite,True,155.0
2026-11-01,7 - Angelina's Garden- ADA,True,175.0
2026-11-01,8 - Garden Cottage,True,155.0
2026-11-01,9 - Lady Helen's Room,True,155.0
2026-11-02,1 - Oak Room,True,155.0
2026-11-02,10 - Roman Suite,False,
2026-11-02,11 - Simeon's Quarters,True,155.0
2026-11-02,12 - Miss Tessa's Room,True,135.0
2026-11-02,14 - William's Hideaway,True,135.0
2026-11-02,15 - Gable Room,True,155.25
2026-11-02,16 - Kirtley's Retreat,True,135.0
2026-11-02,2 - Tower Room,True,135.0
2026-11-02,3 - Victorian Room,True,155.25
2026-11-02,4 - Chesney Suite,True,175.0
2026-11-02,5 - Turret Suite,True,175.0
2026-11-02,6 - Madeline's Suite,True,175.0
2026-11-02,7 - Angelina's Garden- ADA,False,
2026-11-02,8 - Garden Cottage,True,155.0
2026-11-02,9 - Lady Helen's Room,True,155.0
2026-11-03,1 - Oak Room,False,
2026-11-03,10 - Roman Suite,False,
2026-11-03,11 - Simeon's Quarters,False,
2026-11-03,12 - Miss Tessa's Room,True,135.0
2026-11-03,14 - William's Hideaway,True,135.0
2026-11-03,15 - Gable Room,True,155.25
2026-11-03,16 - Kirtley's Retreat,True,135.0
2026-11-03,2 - Tower Room,True,135.0
2026-11-03,3 - Victorian Room,True,155.25
2026-11-03,4 - Chesney Suite,True,175.0
2026-11-03,5 - Turret Suite,True,175.0
2026-11-03,6 - Madeline's Suite,True,175.0
2026-11-03,7 - Angelina's Garden- ADA,False,
2026-11-03,8 - Garden Cottage,True,155.0
2026-11-03,9 - Lady Helen's Room,True,155.0
2026-11-04,1 - Oak Room,False,
2026-11-04,10 - Roman Suite,False,
2026-11-04,11 - Simeon's Quarters,False,
2026-11-04,12 - Miss Tessa's Room,False,
2026-11-04,14 - William's Hideaway,True,155.25
2026-11-04,15 - Gable Room,False,
2026-11-04,16 - Kirtley's Retreat,False,
2026-11-04,2 - Tower Room,True,175.0
2026-11-04,3 - Victorian Room,False,
2026-11-04,4 - Chesney Suite,False,
2026-11-04,5 - Turret Suite,False,
2026-11-04,6 - Madeline's Suite,False,
2026-11-04,7 - Angelina's Garden- ADA,False,
2026-11-04,8 - Garden Cottage,True,155.0
2026-11-04,9 - Lady Helen's Room,True,135.0
2026-11-05,1 - Oak Room,False,
2026-11-05,10 - Roman Suite,False,
2026-11-05,11 - Simeon's Quarters,False,
2026-11-05,12 - Miss Tessa's Room,False,
2026-11-05,14 - William's Hideaway,False,
2026-11-05,15 - Gable Room,False,
2026-11-05,16 - Kirtley's Retreat,True,155.25
2026-11-05,2 - Tower Room,True,175.0
2026-11-05,3 - Victorian Room,False,
2026-11-05,4 - Chesney Suite,True,175.0
2026-11-05,5 - Turret Suite,True,175.0
2026-11-05,6 - Madeline's Suite,False,
2026-11-05,7 - Angelina's Garden- ADA,False,
2026-11-05,8 - Garden Cottage,True,155.0
2026-11-05,9 - Lady Helen's Room,True,135.0
2026-11-06,1 - Oak Room,False,
2026-11-06,10 - Roman Suite,False,
2026-11-06,11 - Simeon's Quarters,False,
2026-11-06,12 - Miss Tessa's Room,False,
2026-11-06,14 - William's Hideaway,False,
2026-11-06,15 - Gable Room,False,
2026-11-06,16 - Kirtley's Retreat,True,500.25
2026-11-06,2 - Tower Room,True,523.25
2026-11-06,3 - Victorian Room,True,500.25
2026-11-06,4 - Chesney Suite,True,546.25
2026-11-06,5 - Turret Suite,True,546.25
2026-11-06,6 - Madeline's Suite,True,546.25
2026-11-06,7 - Angelina's Garden- ADA,True,523.25
2026-11-06,8 - Garden Cottage,True,546.25
2026-11-06,9 - Lady Helen's Room,True,523.25
2026-11-07,1 - Oak Room,True,500.25
2026-11-07,10 - Roman Suite,True,546.25
2026-11-07,11 - Simeon's Quarters,True,523.25
2026-11-07,12 - Miss Tessa's Room,True,523.25
2026-11-07,14 - William's Hideaway,False,
2026-11-07,15 - Gable Room,True,500.25
2026-11-07,16 - Kirtley's Retreat,True,500.25
2026-11-07,2 - Tower Room,True,523.25
2026-11-07,3 - Victorian Room,True,500.25
2026-11-07,4 - Chesney Suite,True,546.25
2026-11-07,5 - Turret Suite,False,
2026-11-07,6 - Madeline's Suite,True,546.25
2026-11-07,7 - Angelina's Garden- ADA,True,523.25
2026-11-07,8 - Garden Cottage,True,546.25
2026-11-07,9 - Lady Helen's Room,True,523.25
2026-11-08,1 - Oak Room,False,
2026-11-08,10 - Roman Suite,True,155.0
2026-11-08,11 - Simeon's Quarters,True,155.0
2026-11-08,12 - Miss Tessa's Room,True,135.0
2026-11-08,14 - William's Hideaway,False,
2026-11-08,15 - Gable Room,True,155.25
2026-11-08,16 - Kirtley's Retreat,True,135.0
2026-11-08,2 - Tower Room,True,135.0
2026-11-08,3 - Victorian Room,True,155.25
2026-11-08,4 - Chesney Suite,False,
2026-11-08,5 - Turret Suite,False,
2026-11-08,6 - Madeline's Suite,True,155.0
2026-11-08,7 - Angelina's Garden- ADA,True,175.0
2026-11-08,8 - Garden Cottage,True,155.0
2026-11-08,9 - Lady Helen's Room,True,175.0
2026-11-09,1 - Oak Room,True,155.0
2026-11-09,10 - Roman Suite,True,155.0
2026-11-09,11 - Simeon's Quarters,True,155.0
2026-11-09,12 - Miss Tessa's Room,True,135.0
2026-11-09,14 - William's Hideaway,True,135.0
2026-11-09,15 - Gable Room,True,155.25
2026-11-09,16 - Kirtley's Retreat,True,135.0
2026-11-09,2 - Tower Room,True,135.0
2026-11-09,3 - Victorian Room,True,155.25
2026-11-09,4 - Chesney Suite,False,
2026-11-09,5 - Turret Suite,True,175.0
2026-11-09,6 - Madeline's Suite,True,155.0
2026-11-09,7 - Angelina's Garden- ADA,True,175.0
2026-11-09,8 - Garden Cottage,True,155.0
2026-11-09,9 - Lady Helen's Room,True,175.0
2026-11-10,1 - Oak Room,False,
2026-11-10,10 - Roman Suite,True,155.0
2026-11-10,11 - Simeon's Quarters,True,155.0
2026-11-10,12 - Miss Tessa's Room,True,135.0
2026-11-10,14 - William's Hideaway,False,
2026-11-10,15 - Gable Room,True,155.25
2026-11-10,16 - Kirtley's Retreat,True,135.0
2026-11-10,2 - Tower Room,True,135.0
2026-11-10,3 - Victorian Room,True,155.25
2026-11-10,4 - Chesney Suite,False,
2026-11-10,5 - Turret Suite,True,175.0
2026-11-10,6 - Madeline's Suite,True,155.0
2026-11-10,7 - Angelina's Garden- ADA,True,175.0
2026-11-10,8 - Garden Cottage,True,155.0
2026-11-10,9 - Lady Helen's Room,True,175.0
2026-11-11,1 - Oak Room,False,
2026-11-11,10 - Roman Suite,True,155.0
2026-11-11,11 - Simeon's Quarters,True,155.0
2026-11-11,12 - Miss Tessa's Room,True,135.0
2026-11-11,14 - William's Hideaway,True,135.0
2026-11-11,15 - Gable Room,True,155.25
2026-11-11,16 - Kirtley's Retreat,True,135.0
2026-11-11,2 - Tower Room,True,135.0
2026-11-11,3 - Victorian Room,True,155.25
2026-11-11,4 - Chesney Suite,False,
2026-11-11,5 - Turret Suite,True,175.0
2026-11-11,6 - Madeline's Suite,True,155.0
2026-11-11,7 - Angelina's Garden- ADA,True,175.0
2026-11-11,8 - Garden Cottage,True,155.0
2026-11-11,9 - Lady Helen's Room,True,175.0
2026-11-12,1 - Oak Room,False,
2026-11-12,10 - Roman Suite,True,135.0
2026-11-12,11 - Simeon's Quarters,False,
2026-11-12,12 - Miss Tessa's Room,False,
2026-11-12,14 - William's Hideaway,True,135.0
2026-11-12,15 - Gable Room,True,155.25
2026-11-12,16 - Kirtley's Retreat,True,135.0
2026-11-12,2 - Tower Room,True,175.0
2026-11-12,3 - Victorian Room,False,
2026-11-12,4 - Chesney Suite,True,175.0
2026-11-12,5 - Turret Suite,True,175.0
2026-11-12,6 - Madeline's Suite,True,155.0
2026-11-12,7 - Angelina's Garden- ADA,True,175.0
2026-11-12,8 - Garden Cottage,True,155.0
2026-11-12,9 - Lady Helen's Room,True,175.0
2026-11-13,1 - Oak Room,False,
2026-11-13,10 - Roman Suite,True,546.25
2026-11-13,11 - Simeon's Quarters,False,
2026-11-13,12 - Miss Tessa's Room,True,523.25
2026-11-13,14 - William's Hideaway,True,500.25
2026-11-13,15 - Gable Room,True,500.25
2026-11-13,16 - Kirtley's Retreat,True,500.25
2026-11-13,2 - Tower Room,True,523.25
2026-11-13,3 - Victorian Room,False,
2026-11-13,4 - Chesney Suite,True,546.25
2026-11-13,5 - Turret Suite,True,546.25
2026-11-13,6 - Madeline's Suite,False,
2026-11-13,7 - Angelina's Garden- ADA,True,523.25
2026-11-13,8 - Garden Cottage,True,546.25
2026-11-13,9 - Lady Helen's Room,True,523.25
2026-11-14,1 - Oak Room,False,
2026-11-14,10 - Roman Suite,True,546.25
2026-11-14,11 - Simeon's Quarters,False,
2026-11-14,12 - Miss Tessa's Room,True,523.25
2026-11-14,14 - William's Hideaway,True,500.25
2026-11-14,15 - Gable Room,True,500.25
2026-11-14,16 - Kirtley's Retreat,True,500.25
2026-11-14,2 - Tower Room,True,523.25
2026-11-14,3 - Victorian Room,False,
2026-11-14,4 - Chesney Suite,True,546.25
2026-11-14,5 - Turret Suite,True,546.25
2026-11-14,6 - Madeline's Suite,False,
2026-11-14,7 - Angelina's Garden- ADA,True,523.25
2026-11-14,8 - Garden Cottage,True,546.25
2026-11-14,9 - Lady Helen's Room,True,523.25
2026-11-15,1 - Oak Room,False,
2026-11-15,10 - Roman Suite,True,185.0
2026-11-15,11 - Simeon's Quarters,True,185.0
2026-11-15,12 - Miss Tessa's Room,True,165.0
2026-11-15,14 - William's Hideaway,True,165.0
2026-11-15,15 - Gable Room,True,189.75
2026-11-15,16 - Kirtley's Retreat,True,165.0
2026-11-15,2 - Tower Room,True,165.0
2026-11-15,3 - Victorian Room,True,189.75
2026-11-15,4 - Chesney Suite,True,195.0
2026-11-15,5 - Turret Suite,True,195.0
2026-11-15,6 - Madeline's Suite,True,185.0
2026-11-15,7 - Angelina's Garden- ADA,True,195.0
2026-11-15,8 - Garden Cottage,True,185.0
2026-11-15,9 - Lady Helen's Room,True,195.0
2026-11-16,1 - Oak Room,True,185.0
2026-11-16,10 - Roman Suite,True,185.0
2026-11-16,11 - Simeon's Quarters,True,185.0
2026-11-16,12 - Miss Tessa's Room,True,165.0
2026-11-16,14 - William's Hideaway,True,165.0
2026-11-16,15 - Gable Room,True,189.75
2026-11-16,16 - Kirtley's Retreat,True,165.0
2026-11-16,2 - Tower Room,True,165.0
2026-11-16,3 - Victorian Room,True,189.75
2026-11-16,4 - Chesney Suite,True,195.0
2026-11-16,5 - Turret Suite,True,195.0
2026-11-16,6 - Madeline's Suite,True,185.0
2026-11-16,7 - Angelina's Garden- ADA,True,195.0
2026-11-16,8 - Garden Cottage,True,185.0
2026-11-16,9 - Lady Helen's Room,True,195.0
2026-11-17,1 - Oak Room,True,185.0
2026-11-17,10 - Roman Suite,True,185.0
2026-11-17,11 - Simeon's Quarters,True,185.0
2026-11-17,12 - Miss Tessa's Room,True,165.0
2026-11-17,14 - William's Hideaway,True,165.0
2026-11-17,15 - Gable Room,True,189.75
2026-11-17,16 - Kirtley's Retreat,True,165.0
2026-11-17,2 - Tower Room,True,165.0
2026-11-17,3 - Victorian Room,True,189.75
2026-11-17,4 - Chesney Suite,True,195.0
2026-11-17,5 - Turret Suite,True,195.0
2026-11-17,6 - Madeline's Suite,True,185.0
2026-11-17,7 - Angelina's Garden- ADA,True,195.0
2026-11-17,8 - Garden Cottage,True,185.0
2026-11-17,9 - Lady Helen's Room,True,195.0
2026-11-18,1 - Oak Room,True,185.0
2026-11-18,10 - Roman Suite,True,185.0
2026-11-18,11 - Simeon's Quarters,True,185.0
2026-11-18,12 - Miss Tessa's Room,True,165.0
2026-11-18,14 - William's Hideaway,True,165.0
2026-11-18,15 - Gable Room,True,189.75
2026-11-18,16 - Kirtley's Retreat,True,165.0
2026-11-18,2 - Tower Room,True,165.0
2026-11-18,3 - Victorian Room,True,189.75
2026-11-18,4 - Chesney Suite,True,195.0
2026-11-18,5 - Turret Suite,True,195.0
2026-11-18,6 - Madeline's Suite,True,185.0
2026-11-18,7 - Angelina's Garden- ADA,True,195.0
2026-11-18,8 - Garden Cottage,True,185.0
2026-11-18,9 - Lady Helen's Room,True,195.0
2026-11-19,1 - Oak Room,True,185.0
2026-11-19,10 - Roman Suite,True,185.0
2026-11-19,11 - Simeon's Quarters,True,185.0
2026-11-19,12 - Miss Tessa's Room,True,165.0
2026-11-19,14 - William's Hideaway,True,165.0
2026-11-19,15 - Gable Room,True,189.75
2026-11-19,16 - Kirtley's Retreat,True,165.0
2026-11-19,2 - Tower Room,True,165.0
2026-11-19,3 - Victorian Room,True,189.75
2026-11-19,4 - Chesney Suite,True,195.0
2026-11-19,5 - Turret Suite,True,195.0
2026-11-19,6 - Madeline's Suite,True,185.0
2026-11-19,7 - Angelina's Garden- ADA,True,195.0
2026-11-19,8 - Garden Cottage,True,185.0
2026-11-19,9 - Lady Helen's Room,True,195.0
2026-11-20,1 - Oak Room,True,408.25
2026-11-20,10 - Roman Suite,True,454.25
2026-11-20,11 - Simeon's Quarters,True,431.25
2026-11-20,12 - Miss Tessa's Room,True,431.25
2026-11-20,14 - William's Hideaway,True,408.25
2026-11-20,15 - Gable Room,True,408.25
2026-11-20,16 - Kirtley's Retreat,True,408.25
2026-11-20,2 - Tower Room,True,431.25
2026-11-20,3 - Victorian Room,True,408.25
2026-11-20,4 - Chesney Suite,True,454.25
2026-11-20,5 - Turret Suite,True,454.25
2026-11-20,6 - Madeline's Suite,True,454.25
2026-11-20,7 - Angelina's Garden- ADA,True,431.25
2026-11-20,8 - Garden Cottage,True,454.25
2026-11-20,9 - Lady Helen's Room,True,431.25
2026-11-21,1 - Oak Room,True,408.25
2026-11-21,10 - Roman Suite,True,454.25
2026-11-21,11 - Simeon's Quarters,True,431.25
2026-11-21,12 - Miss Tessa's Room,True,431.25
2026-11-21,14 - William's Hideaway,True,408.25
2026-11-21,15 - Gable Room,True,408.25
2026-11-21,16 - Kirtley's Retreat,True,408.25
2026-11-21,2 - Tower Room,True,431.25
2026-11-21,3 - Victorian Room,False,
2026-11-21,4 - Chesney Suite,True,454.25
2026-11-21,5 - Turret Suite,True,454.25
2026-11-21,6 - Madeline's Suite,True,454.25
2026-11-21,7 - Angelina's Garden- ADA,True,431.25
2026-11-21,8 - Garden Cottage,True,454.25
2026-11-21,9 - Lady Helen's Room,True,431.25
2026-11-22,1 - Oak Room,True,165.0
2026-11-22,10 - Roman Suite,True,165.0
2026-11-22,11 - Simeon's Quarters,True,165.0
2026-11-22,12 - Miss Tessa's Room,True,145.0
2026-11-22,14 - William's Hideaway,True,145.0
2026-11-22,15 - Gable Room,True,166.75
2026-11-22,16 - Kirtley's Retreat,True,145.0
2026-11-22,2 - Tower Room,True,185.0
2026-11-22,3 - Victorian Room,False,
2026-11-22,4 - Chesney Suite,True,185.0
2026-11-22,5 - Turret Suite,True,185.0
2026-11-22,6 - Madeline's Suite,True,165.0
2026-11-22,7 - Angelina's Garden- ADA,True,165.0
2026-11-22,8 - Garden Cottage,False,
2026-11-22,9 - Lady Helen's Room,True,185.0
2026-11-23,1 - Oak Room,True,165.0
2026-11-23,10 - Roman Suite,True,165.0
2026-11-23,11 - Simeon's Quarters,True,165.0
2026-11-23,12 - Miss Tessa's Room,True,145.0
2026-11-23,14 - William's Hideaway,True,145.0
2026-11-23,15 - Gable Room,True,166.75
2026-11-23,16 - Kirtley's Retreat,True,145.0
2026-11-23,2 - Tower Room,True,185.0
2026-11-23,3 - Victorian Room,False,
2026-11-23,4 - Chesney Suite,True,185.0
2026-11-23,5 - Turret Suite,True,185.0
2026-11-23,6 - Madeline's Suite,True,165.0
2026-11-23,7 - Angelina's Garden- ADA,True,165.0
2026-11-23,8 - Garden Cottage,False,
2026-11-23,9 - Lady Helen's Room,True,185.0
2026-11-24,1 - Oak Room,True,165.0
2026-11-24,10 - Roman Suite,True,165.0
2026-11-24,11 - Simeon's Quarters,True,165.0
2026-11-24,12 - Miss Tessa's Room,True,145.0
2026-11-24,14 - William's Hideaway,True,145.0
2026-11-24,15 - Gable Room,True,166.75
2026-11-24,16 - Kirtley's Retreat,True,145.0
2026-11-24,2 - Tower Room,True,185.0
2026-11-24,3 - Victorian Room,False,
2026-11-24,4 - Chesney Suite,True,185.0
2026-11-24,5 - Turret Suite,True,185.0
2026-11-24,6 - Madeline's Suite,True,165.0
2026-11-24,7 - Angelina's Garden- ADA,True,185.0
2026-11-24,8 - Garden Cottage,True,165.0
2026-11-24,9 - Lady Helen's Room,True,185.0
2026-11-25,1 - Oak Room,True,235.0
2026-11-25,10 - Roman Suite,True,235.0
2026-11-25,11 - Simeon's Quarters,True,235.0
2026-11-25,12 - Miss Tessa's Room,True,215.0
2026-11-25,14 - William's Hideaway,True,215.0
2026-11-25,15 - Gable Room,True,247.25
2026-11-25,16 - Kirtley's Retreat,True,215.0
2026-11-25,2 - Tower Room,True,215.0
2026-11-25,3 - Victorian Room,True,247.25
2026-11-25,4 - Chesney Suite,True,255.0
2026-11-25,5 - Turret Suite,True,255.0
2026-11-25,6 - Madeline's Suite,True,235.0
2026-11-25,7 - Angelina's Garden- ADA,True,255.0
2026-11-25,8 - Garden Cottage,True,235.0
2026-11-25,9 - Lady Helen's Room,True,255.0
2026-11-26,1 - Oak Room,True,275.0
2026-11-26,10 - Roman Suite,True,275.0
2026-11-26,11 - Simeon's Quarters,True,275.0
2026-11-26,12 - Miss Tessa's Room,True,275.0
2026-11-26,14 - William's Hideaway,True,275.0
2026-11-26,15 - Gable Room,True,316.25
2026-11-26,16 - Kirtley's Retreat,True,275.0
2026-11-26,2 - Tower Room,True,275.0
2026-11-26,3 - Victorian Room,True,275.0
2026-11-26,4 - Chesney Suite,True,275.0
2026-11-26,5 - Turret Suite,True,275.0
2026-11-26,6 - Madeline's Suite,True,275.0
2026-11-26,7 - Angelina's Garden- ADA,True,275.0
2026-11-26,8 - Garden Cottage,True,275.0
2026-11-26,9 - Lady Helen's Room,True,275.0
2026-11-27,1 - Oak Room,True,402.5
2026-11-27,10 - Roman Suite,True,402.5
2026-11-27,11 - Simeon's Quarters,True,402.5
2026-11-27,12 - Miss Tessa's Room,True,402.5
2026-11-27,14 - William's Hideaway,True,402.5
2026-11-27,15 - Gable Room,True,402.5
2026-11-27,16 - Kirtley's Retreat,True,402.5
2026-11-27,2 - Tower Room,True,402.5
2026-11-27,3 - Victorian Room,True,402.5
2026-11-27,4 - Chesney Suite,True,402.5
2026-11-27,5 - Turret Suite,True,402.5
2026-11-27,6 - Madeline's Suite,True,402.5
2026-11-27,7 - Angelina's Garden- ADA,True,402.5
2026-11-27,8 - Garden Cottage,True,402.5
2026-11-27,9 - Lady Helen's Room,True,402.5
2026-11-28,1 - Oak Room,True,402.5
2026-11-28,10 - Roman Suite,True,402.5
2026-11-28,11 - Simeon's Quarters,True,402.5
2026-11-28,12 - Miss Tessa's Room,True,402.5
2026-11-28,14 - William's Hideaway,True,402.5
2026-11-28,15 - Gable Room,True,402.5
2026-11-28,16 - Kirtley's Retreat,True,402.5
2026-11-28,2 - Tower Room,True,402.5
2026-11-28,3 - Victorian Room,True,402.5
2026-11-28,4 - Chesney Suite,True,402.5
2026-11-28,5 - Turret Suite,True,402.5
2026-11-28,6 - Madeline's Suite,True,402.5
2026-11-28,7 - Angelina's Garden- ADA,True,402.5
2026-11-28,8 - Garden Cottage,True,402.5
2026-11-28,9 - Lady Helen's Room,True,402.5
2026-11-29,1 - Oak Room,True,135.0
2026-11-29,10 - Roman Suite,True,135.0
2026-11-29,11 - Simeon's Quarters,True,135.0
2026-11-29,12 - Miss Tessa's Room,True,135.0
2026-11-29,14 - William's Hideaway,True,135.0
2026-11-29,15 - Gable Room,True,155.25
2026-11-29,16 - Kirtley's Retreat,True,135.0
2026-11-29,2 - Tower Room,True,135.0
2026-11-29,3 - Victorian Room,True,135.0
2026-11-29,4 - Chesney Suite,True,135.0
2026-11-29,5 - Turret Suite,True,135.0
2026-11-29,6 - Madeline's Suite,True,135.0
2026-11-29,7 - Angelina's Garden- ADA,False,
2026-11-29,8 - Garden Cottage,True,135.0
2026-11-29,9 - Lady Helen's Room,True,135.0
2026-11-30,1 - Oak Room,True,150.0
2026-11-30,10 - Roman Suite,True,150.0
2026-11-30,11 - Simeon's Quarters,True,150.0
2026-11-30,12 - Miss Tessa's Room,True,150.0
2026-11-30,14 - William's Hideaway,True,150.0
2026-11-30,15 - Gable Room,True,172.5
2026-11-30,16 - Kirtley's Retreat,True,150.0
2026-11-30,2 - Tower Room,True,150.0
2026-11-30,3 - Victorian Room,True,150.0
2026-11-30,4 - Chesney Suite,True,150.0
2026-11-30,5 - Turret Suite,True,150.0
2026-11-30,6 - Madeline's Suite,True,150.0
2026-11-30,7 - Angelina's Garden- ADA,True,150.0
2026-11-30,8 - Garden Cottage,True,150.0
2026-11-30,9 - Lady Helen's Room,True,150.0
2026-12-01,1 - Oak Room,False,150.0
2026-12-01,10 - Roman Suite,False,150.0
2026-12-01,11 - Simeon's Quarters,False,150.0
2026-12-01,12 - Miss Tessa's Room,False,150.0
2026-12-01,14 - William's Hideaway,False,150.0
2026-12-01,15 - Gable Room,False,172.5
2026-12-01,16 - Kirtley's Retreat,False,150.0
2026-12-01,2 - Tower Room,False,150.0
2026-12-01,3 - Victorian Room,False,150.0
2026-12-01,4 - Chesney Suite,False,150.0
2026-12-01,5 - Turret Suite,False,150.0
2026-12-01,6 - Madeline's Suite,False,150.0
2026-12-01,7 - Angelina's Garden- ADA,False,150.0
2026-12-01,8 - Garden Cottage,False,150.0
2026-12-01,9 - Lady Helen's Room,False,150.0
2026-12-02,1 - Oak Room,False,150.0
2026-12-02,10 - Roman Suite,False,150.0
2026-12-02,11 - Simeon's Quarters,False,150.0
2026-12-02,12 - Miss Tessa's Room,False,150.0
2026-12-02,14 - William's Hideaway,False,150.0
2026-12-02,15 - Gable Room,False,172.5
2026-12-02,16 - Kirtley's Retreat,False,150.0
2026-12-02,2 - Tower Room,False,150.0
2026-12-02,3 - Victorian Room,False,150.0
2026-12-02,4 - Chesney Suite,False,150.0
2026-12-02,5 - Turret Suite,False,150.0
2026-12-02,6 - Madeline's Suite,False,150.0
2026-12-02,7 - Angelina's Garden- ADA,False,
2026-12-02,8 - Garden Cottage,False,150.0
2026-12-02,9 - Lady Helen's Room,False,
2026-12-03,1 - Oak Room,False,150.0
2026-12-03,10 - Roman Suite,False,150.0
2026-12-03,11 - Simeon's Quarters,False,150.0
2026-12-03,12 - Miss Tessa's Room,False,150.0
2026-12-03,14 - William's Hideaway,False,150.0
2026-12-03,15 - Gable Room,False,172.5
2026-12-03,16 - Kirtley's Retreat,False,150.0
2026-12-03,2 - Tower Room,False,150.0
2026-12-03,3 - Victorian Room,False,150.0
2026-12-03,4 - Chesney Suite,False,150.0
2026-12-03,5 - Turret Suite,False,150.0
2026-12-03,6 - Madeline's Suite,False,150.0
2026-12-03,7 - Angelina's Garden- ADA,False,
2026-12-03,8 - Garden Cottage,False,150.0
2026-12-03,9 - Lady Helen's Room,False,
2026-12-04,1 - Oak Room,False,228.0
2026-12-04,10 - Roman Suite,False,228.0
2026-12-04,11 - Simeon's Quarters,False,228.0
2026-12-04,12 - Miss Tessa's Room,False,204.0
2026-12-04,14 - William's Hideaway,False,204.0
2026-12-04,15 - Gable Room,False,234.6
2026-12-04,16 - Kirtley's Retreat,False,204.0
2026-12-04,2 - Tower Room,False,204.0
2026-12-04,3 - Victorian Room,False,234.6
2026-12-04,4 - Chesney Suite,False,264.0
2026-12-04,5 - Turret Suite,False,228.0
2026-12-04,6 - Madeline's Suite,False,
2026-12-04,7 - Angelina's Garden- ADA,False,262.2
2026-12-04,8 - Garden Cottage,False,228.0
2026-12-04,9 - Lady Helen's Room,False,262.2
2026-12-05,1 - Oak Room,False,258.0
2026-12-05,10 - Roman Suite,False,258.0
2026-12-05,11 - Simeon's Quarters,False,258.0
2026-12-05,12 - Miss Tessa's Room,False,234.0
2026-12-05,14 - William's Hideaway,False,234.0
2026-12-05,15 - Gable Room,False,269.1
2026-12-05,16 - Kirtley's Retreat,False,234.0
2026-12-05,2 - Tower Room,False,234.0
2026-12-05,3 - Victorian Room,False,269.1
2026-12-05,4 - Chesney Suite,False,312.0
2026-12-05,5 - Turret Suite,False,258.0
2026-12-05,6 - Madeline's Suite,False,
2026-12-05,7 - Angelina's Garden- ADA,False,294.0
2026-12-05,8 - Garden Cottage,False,258.0
2026-12-05,9 - Lady Helen's Room,False,294.0
2026-12-06,1 - Oak Room,False,149.5
2026-12-06,10 - Roman Suite,False,152.0
2026-12-06,11 - Simeon's Quarters,False,152.0
2026-12-06,12 - Miss Tessa's Room,False,130.0
2026-12-06,14 - William's Hideaway,False,130.0
2026-12-06,15 - Gable Room,False,149.5
2026-12-06,16 - Kirtley's Retreat,False,130.0
2026-12-06,2 - Tower Room,False,130.0
2026-12-06,3 - Victorian Room,False,149.5
2026-12-06,4 - Chesney Suite,False,174.0
2026-12-06,5 - Turret Suite,False,152.0
2026-12-06,6 - Madeline's Suite,False,
2026-12-06,7 - Angelina's Garden- ADA,False,174.0
2026-12-06,8 - Garden Cottage,False,152.0
2026-12-06,9 - Lady Helen's Room,False,174.0
2026-12-07,1 - Oak Room,False,149.5
2026-12-07,10 - Roman Suite,False,152.0
2026-12-07,11 - Simeon's Quarters,False,152.0
2026-12-07,12 - Miss Tessa's Room,False,130.0
2026-12-07,14 - William's Hideaway,False,130.0
2026-12-07,15 - Gable Room,False,149.5
2026-12-07,16 - Kirtley's Retreat,False,130.0
2026-12-07,2 - Tower Room,False,130.0
2026-12-07,3 - Victorian Room,False,149.5
2026-12-07,4 - Chesney Suite,False,174.0
2026-12-07,5 - Turret Suite,False,152.0
2026-12-07,6 - Madeline's Suite,False,
2026-12-07,7 - Angelina's Garden- ADA,False,174.0
2026-12-07,8 - Garden Cottage,False,152.0
2026-12-07,9 - Lady Helen's Room,False,174.0
2026-12-08,1 - Oak Room,False,149.5
2026-12-08,10 - Roman Suite,False,152.0
2026-12-08,11 - Simeon's Quarters,False,152.0
2026-12-08,12 - Miss Tessa's Room,False,130.0
2026-12-08,14 - William's Hideaway,False,130.0
2026-12-08,15 - Gable Room,False,149.5
2026-12-08,16 - Kirtley's Retreat,False,130.0
2026-12-08,2 - Tower Room,False,130.0
2026-12-08,3 - Victorian Room,False,149.5
2026-12-08,4 - Chesney Suite,False,174.0
2026-12-08,5 - Turret Suite,False,174.0
2026-12-08,6 - Madeline's Suite,False,152.0
2026-12-08,7 - Angelina's Garden- ADA,False,174.0
2026-12-08,8 - Garden Cottage,False,152.0
2026-12-08,9 - Lady Helen's Room,False,174.0
2026-12-09,1 - Oak Room,False,149.5
2026-12-09,10 - Roman Suite,False,152.0
2026-12-09,11 - Simeon's Quarters,False,152.0
2026-12-09,12 - Miss Tessa's Room,False,130.0
2026-12-09,14 - William's Hideaway,False,130.0
2026-12-09,15 - Gable Room,False,149.5
2026-12-09,16 - Kirtley's Retreat,False,130.0
2026-12-09,2 - Tower Room,False,130.0
2026-12-09,3 - Victorian Room,False,149.5
2026-12-09,4 - Chesney Suite,False,174.0
2026-12-09,5 - Turret Suite,False,174.0
2026-12-09,6 - Madeline's Suite,False,152.0
2026-12-09,7 - Angelina's Garden- ADA,False,174.0
2026-12-09,8 - Garden Cottage,False,152.0
2026-12-09,9 - Lady Helen's Room,False,174.0
2026-12-10,1 - Oak Room,False,168.5
2026-12-10,10 - Roman Suite,False,168.5
2026-12-10,11 - Simeon's Quarters,False,168.5
2026-12-10,12 - Miss Tessa's Room,False,146.5
2026-12-10,14 - William's Hideaway,False,
2026-12-10,15 - Gable Room,False,168.48
2026-12-10,16 - Kirtley's Retreat,False,146.5
2026-12-10,2 - Tower Room,False,146.5
2026-12-10,3 - Victorian Room,False,168.48
2026-12-10,4 - Chesney Suite,False,190.5
2026-12-10,5 - Turret Suite,False,190.5
2026-12-10,6 - Madeline's Suite,False,168.5
2026-12-10,7 - Angelina's Garden- ADA,False,190.5
2026-12-10,8 - Garden Cottage,False,168.5
2026-12-10,9 - Lady Helen's Room,False,190.5
2026-12-11,1 - Oak Room,False,228.0
2026-12-11,10 - Roman Suite,False,228.0
2026-12-11,11 - Simeon's Quarters,False,228.0
2026-12-11,12 - Miss Tessa's Room,False,204.0
2026-12-11,14 - William's Hideaway,False,
2026-12-11,15 - Gable Room,False,234.6
2026-12-11,16 - Kirtley's Retreat,False,204.0
2026-12-11,2 - Tower Room,False,204.0
2026-12-11,3 - Victorian Room,False,234.6
2026-12-11,4 - Chesney Suite,False,264.0
2026-12-11,5 - Turret Suite,False,264.0
2026-12-11,6 - Madeline's Suite,False,228.0
2026-12-11,7 - Angelina's Garden- ADA,False,262.2
2026-12-11,8 - Garden Cottage,False,228.0
2026-12-11,9 - Lady Helen's Room,False,262.2
2026-12-12,1 - Oak Room,False,258.0
2026-12-12,10 - Roman Suite,False,258.0
2026-12-12,11 - Simeon's Quarters,False,258.0
2026-12-12,12 - Miss Tessa's Room,False,234.0
2026-12-12,14 - William's Hideaway,False,
2026-12-12,15 - Gable Room,False,269.1
2026-12-12,16 - Kirtley's Retreat,False,234.0
2026-12-12,2 - Tower Room,False,234.0
2026-12-12,3 - Victorian Room,False,269.1
2026-12-12,4 - Chesney Suite,False,312.0
2026-12-12,5 - Turret Suite,False,294.0
2026-12-12,6 - Madeline's Suite,False,258.0
2026-12-12,7 - Angelina's Garden- ADA,False,294.0
2026-12-12,8 - Garden Cottage,False,258.0
2026-12-12,9 - Lady Helen's Room,False,294.0
2026-12-13,1 - Oak Room,False,168.48
2026-12-13,10 - Roman Suite,False,168.5
2026-12-13,11 - Simeon's Quarters,False,168.5
2026-12-13,12 - Miss Tessa's Room,False,146.5
2026-12-13,14 - William's Hideaway,False,
2026-12-13,15 - Gable Room,False,168.48
2026-12-13,16 - Kirtley's Retreat,False,146.5
2026-12-13,2 - Tower Room,False,146.5
2026-12-13,3 - Victorian Room,False,168.48
2026-12-13,4 - Chesney Suite,False,190.5
2026-12-13,5 - Turret Suite,False,194.9
2026-12-13,6 - Madeline's Suite,False,168.5
2026-12-13,7 - Angelina's Garden- ADA,False,190.5
2026-12-13,8 - Garden Cottage,False,168.5
2026-12-13,9 - Lady Helen's Room,False,190.5
2026-12-14,1 - Oak Room,False,162.15
2026-12-14,10 - Roman Suite,False,163.0
2026-12-14,11 - Simeon's Quarters,False,163.0
2026-12-14,12 - Miss Tessa's Room,False,141.0
2026-12-14,14 - William's Hideaway,False,
2026-12-14,15 - Gable Room,False,162.15
2026-12-14,16 - Kirtley's Retreat,False,141.0
2026-12-14,2 - Tower Room,False,141.0
2026-12-14,3 - Victorian Room,False,162.15
2026-12-14,4 - Chesney Suite,False,185.0
2026-12-14,5 - Turret Suite,False,189.4
2026-12-14,6 - Madeline's Suite,False,163.0
2026-12-14,7 - Angelina's Garden- ADA,False,185.0
2026-12-14,8 - Garden Cottage,False,163.0
2026-12-14,9 - Lady Helen's Room,False,185.0
2026-12-15,1 - Oak Room,False,149.5
2026-12-15,10 - Roman Suite,False,152.0
2026-12-15,11 - Simeon's Quarters,False,152.0
2026-12-15,12 - Miss Tessa's Room,False,130.0
2026-12-15,14 - William's Hideaway,False,130.0
2026-12-15,15 - Gable Room,False,149.5
2026-12-15,16 - Kirtley's Retreat,False,130.0
2026-12-15,2 - Tower Room,False,130.0
2026-12-15,3 - Victorian Room,False,149.5
2026-12-15,4 - Chesney Suite,False,174.0
2026-12-15,5 - Turret Suite,False,174.0
2026-12-15,6 - Madeline's Suite,False,152.0
2026-12-15,7 - Angelina's Garden- ADA,False,174.0
2026-12-15,8 - Garden Cottage,False,152.0
2026-12-15,9 - Lady Helen's Room,False,174.0
2026-12-16,1 - Oak Room,False,149.5
2026-12-16,10 - Roman Suite,False,152.0
2026-12-16,11 - Simeon's Quarters,False,152.0
2026-12-16,12 - Miss Tessa's Room,False,130.0
2026-12-16,14 - William's Hideaway,False,130.0
2026-12-16,15 - Gable Room,False,149.5
2026-12-16,16 - Kirtley's Retreat,False,130.0
2026-12-16,2 - Tower Room,False,130.0
2026-12-16,3 - Victorian Room,False,149.5
2026-12-16,4 - Chesney Suite,False,174.0
2026-12-16,5 - Turret Suite,False,174.0
2026-12-16,6 - Madeline's Suite,False,152.0
2026-12-16,7 - Angelina's Garden- ADA,False,174.0
2026-12-16,8 - Garden Cottage,False,152.0
2026-12-16,9 - Lady Helen's Room,False,174.0
2026-12-17,1 - Oak Room,False,149.5
2026-12-17,10 - Roman Suite,False,152.0
2026-12-17,11 - Simeon's Quarters,False,152.0
2026-12-17,12 - Miss Tessa's Room,False,130.0
2026-12-17,14 - William's Hideaway,False,130.0
2026-12-17,15 - Gable Room,False,149.5
2026-12-17,16 - Kirtley's Retreat,False,130.0
2026-12-17,2 - Tower Room,False,130.0
2026-12-17,3 - Victorian Room,False,149.5
2026-12-17,4 - Chesney Suite,False,174.0
2026-12-17,5 - Turret Suite,False,174.0
2026-12-17,6 - Madeline's Suite,False,152.0
2026-12-17,7 - Angelina's Garden- ADA,False,174.0
2026-12-17,8 - Garden Cottage,False,152.0
2026-12-17,9 - Lady Helen's Room,False,174.0
2026-12-18,1 - Oak Room,False,228.0
2026-12-18,10 - Roman Suite,False,228.0
2026-12-18,11 - Simeon's Quarters,False,228.0
2026-12-18,12 - Miss Tessa's Room,False,204.0
2026-12-18,14 - William's Hideaway,False,204.0
2026-12-18,15 - Gable Room,False,234.6
2026-12-18,16 - Kirtley's Retreat,False,204.0
2026-12-18,2 - Tower Room,False,204.0
2026-12-18,3 - Victorian Room,False,234.6
2026-12-18,4 - Chesney Suite,False,264.0
2026-12-18,5 - Turret Suite,False,264.0
2026-12-18,6 - Madeline's Suite,False,228.0
2026-12-18,7 - Angelina's Garden- ADA,False,262.2
2026-12-18,8 - Garden Cottage,False,228.0
2026-12-18,9 - Lady Helen's Room,False,262.2
2026-12-19,1 - Oak Room,False,258.0
2026-12-19,10 - Roman Suite,False,258.0
2026-12-19,11 - Simeon's Quarters,False,258.0
2026-12-19,12 - Miss Tessa's Room,False,234.0
2026-12-19,14 - William's Hideaway,False,234.0
2026-12-19,15 - Gable Room,False,269.1
2026-12-19,16 - Kirtley's Retreat,False,234.0
2026-12-19,2 - Tower Room,False,234.0
2026-12-19,3 - Victorian Room,False,269.1
2026-12-19,4 - Chesney Suite,False,312.0
2026-12-19,5 - Turret Suite,False,294.0
2026-12-19,6 - Madeline's Suite,False,258.0
2026-12-19,7 - Angelina's Garden- ADA,False,294.0
2026-12-19,8 - Garden Cottage,False,258.0
2026-12-19,9 - Lady Helen's Room,False,294.0
2026-12-20,1 - Oak Room,False,155.83
2026-12-20,10 - Roman Suite,False,179.5
2026-12-20,11 - Simeon's Quarters,False,179.5
2026-12-20,12 - Miss Tessa's Room,False,135.5
2026-12-20,14 - William's Hideaway,False,135.5
2026-12-20,15 - Gable Room,False,155.83
2026-12-20,16 - Kirtley's Retreat,False,135.5
2026-12-20,2 - Tower Room,False,135.5
2026-12-20,3 - Victorian Room,False,155.83
2026-12-20,4 - Chesney Suite,False,179.5
2026-12-20,5 - Turret Suite,False,179.5
2026-12-20,6 - Madeline's Suite,False,157.5
2026-12-20,7 - Angelina's Garden- ADA,False,179.5
2026-12-20,8 - Garden Cottage,False,157.5
2026-12-20,9 - Lady Helen's Room,False,179.5
2026-12-21,1 - Oak Room,False,155.83
2026-12-21,10 - Roman Suite,False,179.5
2026-12-21,11 - Simeon's Quarters,False,179.5
2026-12-21,12 - Miss Tessa's Room,False,135.5
2026-12-21,14 - William's Hideaway,False,135.5
2026-12-21,15 - Gable Room,False,155.83
2026-12-21,16 - Kirtley's Retreat,False,135.5
2026-12-21,2 - Tower Room,False,135.5
2026-12-21,3 - Victorian Room,False,155.83
2026-12-21,4 - Chesney Suite,False,179.5
2026-12-21,5 - Turret Suite,False,179.5
2026-12-21,6 - Madeline's Suite,False,157.5
2026-12-21,7 - Angelina's Garden- ADA,False,179.5
2026-12-21,8 - Garden Cottage,False,157.5
2026-12-21,9 - Lady Helen's Room,False,179.5
2026-12-22,1 - Oak Room,False,155.83
2026-12-22,10 - Roman Suite,False,179.5
2026-12-22,11 - Simeon's Quarters,False,179.5
2026-12-22,12 - Miss Tessa's Room,False,135.5
2026-12-22,14 - William's Hideaway,False,135.5
2026-12-22,15 - Gable Room,False,155.83
2026-12-22,16 - Kirtley's Retreat,False,135.5
2026-12-22,2 - Tower Room,False,135.5
2026-12-22,3 - Victorian Room,False,155.83
2026-12-22,4 - Chesney Suite,False,179.5
2026-12-22,5 - Turret Suite,False,179.5
2026-12-22,6 - Madeline's Suite,False,157.5
2026-12-22,7 - Angelina's Garden- ADA,False,179.5
2026-12-22,8 - Garden Cottage,False,157.5
2026-12-22,9 - Lady Helen's Room,False,179.5
2026-12-23,1 - Oak Room,False,168.48
2026-12-23,10 - Roman Suite,False,168.5
2026-12-23,11 - Simeon's Quarters,False,168.5
2026-12-23,12 - Miss Tessa's Room,False,146.5
2026-12-23,14 - William's Hideaway,False,146.5
2026-12-23,15 - Gable Room,False,168.48
2026-12-23,16 - Kirtley's Retreat,False,146.5
2026-12-23,2 - Tower Room,False,146.5
2026-12-23,3 - Victorian Room,False,168.48
2026-12-23,4 - Chesney Suite,False,190.5
2026-12-23,5 - Turret Suite,False,190.5
2026-12-23,6 - Madeline's Suite,False,168.5
2026-12-23,7 - Angelina's Garden- ADA,False,190.5
2026-12-23,8 - Garden Cottage,False,168.5
2026-12-23,9 - Lady Helen's Room,False,190.5
2026-12-24,1 - Oak Room,False,168.48
2026-12-24,10 - Roman Suite,False,168.5
2026-12-24,11 - Simeon's Quarters,False,168.5
2026-12-24,12 - Miss Tessa's Room,False,146.5
2026-12-24,14 - William's Hideaway,False,146.5
2026-12-24,15 - Gable Room,False,168.48
2026-12-24,16 - Kirtley's Retreat,False,146.5
2026-12-24,2 - Tower Room,False,146.5
2026-12-24,3 - Victorian Room,False,168.48
2026-12-24,4 - Chesney Suite,False,190.5
2026-12-24,5 - Turret Suite,False,190.5
2026-12-24,6 - Madeline's Suite,False,168.5
2026-12-24,7 - Angelina's Garden- ADA,False,190.5
2026-12-24,8 - Garden Cottage,False,168.5
2026-12-24,9 - Lady Helen's Room,False,190.5
2026-12-25,1 - Oak Room,False,228.0
2026-12-25,10 - Roman Suite,False,228.0
2026-12-25,11 - Simeon's Quarters,False,228.0
2026-12-25,12 - Miss Tessa's Room,False,204.0
2026-12-25,14 - William's Hideaway,False,204.0
2026-12-25,15 - Gable Room,False,234.6
2026-12-25,16 - Kirtley's Retreat,False,204.0
2026-12-25,2 - Tower Room,False,204.0
2026-12-25,3 - Victorian Room,False,234.6
2026-12-25,4 - Chesney Suite,False,264.0
2026-12-25,5 - Turret Suite,False,264.0
2026-12-25,6 - Madeline's Suite,False,228.0
2026-12-25,7 - Angelina's Garden- ADA,False,262.2
2026-12-25,8 - Garden Cottage,False,228.0
2026-12-25,9 - Lady Helen's Room,False,262.2
